,Open,High,Low,Close,Volume,Dividends,Stock Splits,EMA_08,EMA_12,EMA_20,RSI_05,RSI_09,RSI_14
0,6.074205292821375,6.0861561023793005,5.844652019173027,5.886479377746582,370420000,0.0,0.0,6.083929002037925,6.0925290670871535,6.055522316046051,28.182809913788315,38.20623412090139,45.198105778725505
1,5.868304607574702,6.002999345921787,5.862080365805151,5.983579635620117,255564000,0.0,0.0,6.061629142833968,6.075767616092225,6.048670632195963,40.612862709905535,44.91147160454818,49.3974161443954
2,6.125494386941185,6.172052493795537,6.07545066673428,6.152881145477295,271544000,0.0,0.0,6.0819073656435965,6.087631235997621,6.058595442984661,56.87898410682739,54.57906803057216,55.76242288508731
3,6.27388248937086,6.284090493089392,6.159852591487118,6.243258953094482,208220000,0.0,0.0,6.117763273966015,6.11157396170483,6.076182443947501,63.5423190202098,58.909689798656345,58.7456196355961
4,6.277617091254257,6.330150127410889,6.196451688865812,6.330150127410889,218284000,0.0,0.0,6.16496035250932,6.145201064121147,6.100369842372586,69.25235000532685,62.75096663699206,61.43807097794394
5,6.290065266631888,6.312224078581957,6.238527579792124,6.263923168182373,189752000,0.0,0.0,6.186952089325554,6.163466003207489,6.115946349592566,60.26045922691757,58.09423812539754,58.31418047014223
6,6.28657961655309,6.548001549269967,6.281600033578879,6.547255039215088,529608000,0.0,0.0,6.267019411523228,6.222510470285581,6.1570233676518535,76.5460414252366,69.12266271005596,66.22614253281589
7,6.655559399128862,6.784527579126775,6.593564863567215,6.669750690460205,638556000,0.0,0.0,6.356515251287001,6.291316658004754,6.205854541252649,80.79858628966444,72.62652789878395,68.96840996555527
8,6.72253163991601,6.791995536604551,6.68369174952819,6.785521984100342,374644000,0.0,0.0,6.451850080801076,6.367348246634844,6.261060964381001,84.18597733740003,75.57365442364188,71.33712989420704
9,6.727512219812691,6.808926462251952,6.700124985704613,6.741703510284424,528016000,0.0,0.0,6.5162619540195985,6.424941364119395,6.306836444943232,77.70077052832146,72.26095907136667,69.18454725929787
10,7.152011236078267,7.343969741977096,7.120640718348887,7.215001583099365,1041924000,0.0,0.0,6.671537427148436,6.546489090116313,6.393328362862864,89.06949576879254,81.90124315124834,77.19062438389973
11,7.111677659246822,7.402230114435538,7.092257949839231,7.383805751800537,620164000,0.0,0.0,6.829819277071125,6.675307038067732,6.48765954276169,91.09378867847263,84.11614845804807,79.26023291666098
12,7.506300860949258,7.852871965438706,7.506300860949258,7.8351945877075195,694332000,0.0,0.0,7.053236012768101,6.8537512764738535,6.615996213708912,94.49904064485507,88.39028322529136,83.55673631645482
13,7.787143140061832,7.875528605812651,7.378328662777949,7.6858110427856445,810052000,0.0,0.0,7.193808241660888,6.981760471291052,6.717883340287648,81.59356216087555,80.3413893669356,77.8116994906154
14,7.573524178287163,7.5986704570959445,7.236662912101011,7.321562767028809,768180000,0.0,0.0,7.222198136187093,7.034037747558399,6.775376619024902,57.612508799722825,64.28379602776957,65.9115527135198
15,6.727014163556758,7.017815477764631,6.672489006182636,6.8039469718933105,856916000,0.0,0.0,7.129253433010697,6.998639166686846,6.77809760501237,37.85130946275457,48.71740861871607,53.41091580378923
16,6.8791376958533865,6.941132235018011,6.422520381405752,6.524350643157959,1055496000,0.0,0.0,6.994830590821199,6.925671701528556,6.753931227692902,30.733551472074915,42.46817970649313,48.103799485646434
17,6.524598322721968,6.85797395968799,6.523104827677286,6.663774490356445,747732000,0.0,0.0,6.921262568495699,6.8853798228866925,6.745344871756097,38.00071002690911,46.33033107156639,50.732719962043745
18,6.35012897349082,6.6515672796936745,6.200406475197816,6.292830944061279,906416000,0.004,0.0,6.781611096399161,6.794218456913552,6.7022483072137335,28.171267750842684,38.57871561684758,44.30250346814972
19,6.040221919287196,6.787589136196671,6.023530858757883,6.728048801422119,1133252000,0.0,0.0,6.769708364182041,6.78403850991487,6.704705497138342,47.92586335279037,49.68933527812981,51.99103441876854
20,6.898198840508735,6.915388345562744,6.5020942179934655,6.8864898681640625,890744000,0.0,0.0,6.7956598095113785,6.7998002573378225,6.722018294378887,53.71816980701306,53.15953267993411,54.4558585978187
21,6.942294069276471,7.002083388291559,6.5384665864174165,6.623915672302246,652792000,0.0,0.0,6.757494445687127,6.772741090409272,6.712675187514445,43.65833364729216,47.102314939330114,49.88495413601107
22,6.731286431328499,7.097247152116675,6.656549436564152,7.087780475616455,597408000,0.0,0.0,6.830891341226978,6.821208688133454,6.748399500667017,60.14148385524436,56.869481785656454,56.78587871079326
23,6.888233757672639,7.055145772386674,6.763672566846141,6.808265686035156,540328000,0.0,0.0,6.825863417851017,6.8192174570414075,6.7541010421306495,49.28173253307568,50.54304417762584,52.127802198307855
24,6.628648108712579,6.68619560165047,6.427357088938863,6.627651691436768,515412000,0.0,0.0,6.78181636753674,6.78974580079454,6.7420582468264705,43.00893778963687,46.76151335403558,49.312931946737436
25,5.976445976882009,6.462234819140225,5.9335971812222335,6.114459991455078,614160000,0.0,0.0,6.633514950629704,6.685855676280776,6.682286984410148,29.61888999514849,37.73648722564025,42.320162599605844
26,6.390984825704697,6.504086494445801,6.128161136295155,6.504086494445801,580648000,0.0,0.0,6.604753071477726,6.657891186767703,6.665315509175448,45.67105347697867,46.547909145679064,48.312885748850896
27,6.364080134859424,6.392480165708837,6.042961500646882,6.1401190757751465,499964000,0.0,0.0,6.501501072432708,6.578233938922694,6.615296801232562,36.066005513160164,40.521429712670205,43.74107408026853
28,5.61671401159961,5.882278509793476,5.376061850651838,5.388767242431641,816540000,0.0,0.0,6.254226887988026,6.3952390625394555,6.498484462299141,23.378693874124394,31.154161890343673,36.13849508499348
29,5.742270514891856,6.00434726302527,5.470976550652782,5.999863147735596,634836000,0.0,0.0,6.197701612376375,6.3344119987234775,6.450996718054993,43.56292108935382,43.17389015574936,44.57610170902264
30,5.291609037147485,5.6326579701036215,4.832974768753121,4.892764091491699,726972000,0.0,0.0,5.907715496624225,6.112620012995512,6.3025936107632505,27.285593590866263,31.84306667768481,35.44042308706439
31,5.0051183420596885,5.5021177691686125,4.758238222605642,5.41268253326416,833632000,0.0,0.0,5.797708171433099,6.0049373238060735,6.217840174810956,40.36593988155452,40.14269619344874,41.50361330741147
32,4.984939855445514,5.230076139029122,4.501144239544976,5.052700996398926,874268000,0.0,0.0,5.632151021425504,5.858439427281897,6.106874538771715,34.92807462425925,36.66495435113477,38.78741752297268
33,5.0312763612648075,5.3992304852574025,4.817778827427658,5.30556058883667,765512000,0.0,0.0,5.559575369739097,5.773381144444169,6.030558924492187,41.81086431299867,40.72310336277925,41.67486951417417
34,5.45578070765007,5.737787269391606,5.110248140154624,5.1256937980651855,804636000,0.0,0.0,5.46315724270045,5.673736937308941,5.944381293403901,38.21664203175083,38.73686029667436,40.221459554911384
35,5.1246956420399785,5.3930008041612485,4.945576706844187,5.298583030700684,643876000,0.0,0.0,5.42658519558939,5.616020951676901,5.882876696955975,44.000612144466416,41.8061514671014,42.304313755779376
36,5.704903126042818,6.294327032713485,5.681236668018538,6.207632064819336,1101644000,0.0,0.0,5.600151166529378,5.707038046006506,5.913805779609628,65.3318048750512,55.10959920891632,51.81166484792286
37,6.32272600416636,6.522522170929499,6.0701159177079305,6.11894416809082,793432000,0.0,0.0,5.715438500209698,5.770408218634862,5.93334276898879,62.431633784815226,53.76069360125943,50.92990407145982
38,6.326212593900188,6.532486149897037,6.228058614414036,6.40842342376709,696108000,0.0,0.0,5.869435149889118,5.86856440403982,5.978588545634342,68.19254283041938,57.573921911853965,53.699682164402
39,6.22805951036242,6.5549081418897455,6.195175363750319,6.296070098876953,638828000,0.0,0.0,5.964242916330859,5.934334510937841,6.0088248840384,63.47060927213428,55.57283898910599,52.46195282203036
40,6.361588419684909,6.6256584638002805,6.317493750494555,6.616440773010254,602252000,0.0,0.0,6.109175773370724,6.039273935872059,6.066693063940482,70.70167912424105,60.029394744996445,55.60424744997899
41,6.656550619116085,6.860831394299033,6.421130017869934,6.566866874694824,949960000,0.0,0.0,6.210884906998302,6.12044208030633,6.114328664964705,68.09443279672614,58.999129089933874,54.99843127057856
42,6.368812320208943,6.5152960826692,6.0108234736531,6.055416107177734,656912000,0.0,0.0,6.176336284815954,6.110438084440393,6.10871794517547,46.14792956245296,49.19875494758517,49.059705352158495
43,6.084565557646171,6.377533653750724,6.036485211046502,6.364330291748047,675764000,0.0,0.0,6.218112730800863,6.149498424026186,6.133061978182382,56.6872676673673,54.35119562461737,52.402759810179596
44,6.326711293639602,6.368314681235731,5.938827985255011,6.076343536376953,663212000,0.0,0.0,6.186608465373327,6.138243825926304,6.12766022181996,46.159886624704825,49.125622848802664,49.16351149852643
45,6.358600162480461,6.723315529969253,6.301052663956656,6.686445236206055,727884000,0.0,0.0,6.2976833033361554,6.222582504430881,6.180877842237684,63.908912426377576,58.60988720846272,55.4467541762306
46,6.908163247025321,6.931830176420118,6.409918504070796,6.453016757965088,784520000,0.0,0.0,6.332201848809252,6.258033928051528,6.206795834211722,55.20510260313041,54.256192378508715,52.75987383954634
47,6.562132143249932,6.675233815241961,6.492128724199884,6.6503214836120605,542444000,0.0,0.0,6.402895100987654,6.3183858596762255,6.24903637224985,60.83998069617083,57.27415547619389,54.75561941819117
48,6.7761294264084695,6.799048451379827,6.487645453386115,6.550673484802246,525564000,0.0,0.0,6.435734741835341,6.354122417387921,6.277763716302459,56.363897956419606,55.20476798696316,53.52571217541827
49,6.490884129888628,6.731287281007709,6.402445792992437,6.722568035125732,398408000,0.0,0.0,6.49947547367765,6.410806358578354,6.320126032380866,62.33851434656466,58.13991134664374,55.38728704289857
50,6.850865944325975,7.107960156401416,6.823213342945472,7.073830604553223,530948000,0.0,0.0,6.627109947205556,6.512810088728333,6.391907420206805,72.09720521586257,63.6199443596293,59.00131983439662
51,6.905672519109676,7.079310951372667,6.86033244153911,6.9963531494140625,366148000,0.0,0.0,6.7091639921407795,6.58720132883383,6.449473680131306,67.28994353555832,61.61829186625878,57.887420840606275
52,7.151804684310949,7.448758393785425,7.138601324807296,7.341635704040527,745620000,0.0,0.0,6.849713261451835,6.703268155788707,6.534441491932184,76.14911539269276,66.84778667947502,61.38615618922235
53,7.423847497525705,7.445272134647238,7.148318367791928,7.282346248626709,539120000,0.0,0.0,6.945853925268473,6.792357093148399,6.6056705163792815,71.96552489255406,65.13345480470525,60.45732732076758
54,7.155791296172217,7.311741765307913,7.106714063095593,7.151057720184326,449388000,0.0,0.0,6.9914547685831065,6.8475418050000805,6.6576121548369045,62.46627625316069,61.222178570211966,58.351834421004234
55,7.032973327041574,7.09425702255101,6.6543072388533515,6.714096546173096,735160000,0.0,0.0,6.9298196080475485,6.827011765180544,6.662991620678446,40.322940832509026,49.983618753649765,51.87631370030104
56,6.906419624930226,7.171486106783201,6.8608305639670135,7.128636837005615,483356000,0.0,0.0,6.974001214482675,6.873415622384401,6.707338784138177,57.984838653941544,58.17747833331456,56.77686589973268
57,7.170738255068913,7.30277280445267,7.050162741474796,7.075324058532715,424160000,0.0,0.0,6.99651740204935,6.9044784587149115,6.742385000747181,55.35134245836193,56.83045694979389,55.9872345156762
58,7.065110434333766,7.216327322388494,6.990373439620737,7.214334487915039,352328000,0.0,0.0,7.044921198908392,6.952148617053393,6.787332570953644,61.10839495646484,59.575995350603634,57.64146004439919
59,7.348861058626453,7.560864157407849,7.324197711683371,7.400927543640137,479388000,0.0,0.0,7.1240337199598915,7.021191528835969,6.845770187399976,68.02588342078029,63.11811922303317,59.82425420827412
60,7.5484083609919175,7.578303257394671,7.252949471097392,7.258430004119873,442904000,0.0,0.0,7.153899560884332,7.057689755802723,6.885071122325681,58.15217221538626,58.699153251434645,57.391942136561546
61,7.393205660244978,7.4881214262521505,7.317970682168214,7.435307502746582,379160000,0.0,0.0,7.216434659075943,7.115784793794086,6.937474587127672,65.84427347920946,62.37734057928778,59.58828045273342
62,7.381246059240511,7.435305848843511,7.26739743763141,7.28134822845459,375916000,0.0,0.0,7.230859896715642,7.141256091434164,6.970224457730235,54.87053621723857,57.373833200985764,56.841698894116384
63,7.083794613057986,7.197145274884135,6.996352701087141,7.044682502746582,342096000,0.0,0.0,7.189487142500296,7.126398616251459,6.977315700112745,41.56101998471176,50.384628154911795,52.81194947720138
64,6.997349245019564,7.270387540719395,6.997349245019564,7.256685733795166,317556000,0.0,0.0,7.204420162788045,7.14644278818126,7.003922369987261,54.043189395096924,55.80964444086585,55.83262695008682
65,7.360819145196441,7.480397772953927,7.2566856981813,7.317720890045166,368896000,0.0,0.0,7.2295981021785165,7.172793265391092,7.033807943326109,57.323562186874646,57.32107557821155,56.692157144293716
66,7.397190705525821,7.523495739093989,7.359323998974945,7.418614864349365,323464000,0.0,0.0,7.271601827105372,7.210611972923134,7.0704562215188,62.808945645585524,59.873372632983724,58.14228061731487
67,7.5578747907792385,7.65827108202997,7.5065557350640395,7.594994068145752,373732000,0.0,0.0,7.34346676955879,7.26974767988046,7.120412206911843,70.96430669045043,64.09610875871152,60.62445258362309
68,7.666740541029983,7.7913017211447295,7.632859979866189,7.785073757171631,339216000,0.0,0.0,7.441601655694977,7.349028614848333,7.183713306936585,77.5854510131251,68.15861542229844,63.159875502507454
69,7.7800928726031024,8.084022521686913,7.75144385202219,8.037187576293945,469060000,0.0,0.0,7.5739540824947476,7.454899224301504,7.264996570684905,83.7348212946791,72.75804794582055,66.26284748056344
70,8.094982030995142,8.143809801854623,7.765393152204043,7.775108814239502,493060000,0.0,0.0,7.618655133993582,7.504162238138119,7.313578689118676,61.72909375512647,62.24342943076259,60.553146792590475
71,7.889705036853291,8.050139609907918,7.568087983890347,7.752687931060791,625852000,0.0,0.0,7.648440200008517,7.542396960126222,7.355398616922686,60.04171104790197,61.389581434241045,60.07622033059318
72,7.8142230604507805,8.00779128643124,7.660514383493319,8.002310752868652,602312000,0.0,0.0,7.7270781006441025,7.613152928240442,7.4170092965365875,71.05356352702005,67.05086783330809,63.52109011210179
73,7.862052746709275,8.470658408911804,7.846358106086127,8.460943222045898,987660000,0.0,0.0,7.89015923873339,7.7435822042105125,7.516431575156521,82.27313012360946,74.71423651013151,68.84084920428927
74,8.729747076222932,8.885199590332304,8.650027984422207,8.71953296661377,774460000,0.0,0.0,8.074464511595696,7.893728475349476,7.631012660057212,86.076619301361,77.96501593227477,71.37550574741975
75,8.759392866322871,9.05559920597331,8.731989249223263,8.774589538574219,717320000,0.0,0.0,8.230047850924256,8.029245561999437,7.739924743725498,86.82873638425205,78.62328403245837,71.8996227036247
76,8.959438994421841,9.01125650401452,8.857547824594636,8.938512802124023,587536000,0.0,0.0,8.387484506746427,8.169132829710911,7.854075987382501,89.03345013399323,80.56773680800697,73.457889948579
77,9.019727906293541,9.020723848723264,8.706829974219419,8.744447708129883,761068000,0.0,0.0,8.466809662609418,8.257642811006138,7.938873294120347,71.35754973973538,71.86182947557361,68.60733051220133
78,8.794270368177155,9.061081221900439,8.682664008723028,8.9945650100708,1038764000,0.0,0.0,8.584088628711948,8.371015457016085,8.039415362306105,78.29856641663935,75.67324188392689,71.24292773796407
79,9.12460521921978,9.149518027635866,8.64155712540056,8.687146186828613,770780000,0.0,0.0,8.60699030829343,8.41965095391032,8.10110401226063,57.055857764391824,63.735765264529654,64.1176795751866
80,8.594723547725328,8.602445901845645,7.968678780418774,8.49532413482666,1175892000,0.0,0.0,8.582175603078593,8.431292981743603,8.138648785838347,47.090981426277175,57.38153491578779,60.079920989944796
81,8.382719185209487,8.729747075354428,8.349835036086796,8.457207679748535,734896000,0.0,0.0,8.55440495344969,8.435279858359745,8.168987728115509,45.13308083038133,56.1305684056076,59.28104919504827
82,8.524471762838552,8.844345092773438,8.455215751001303,8.844345092773438,745256000,0.0,0.0,8.618836095521635,8.498212971346467,8.23330747713055,64.08894860313984,64.87924767222685,64.45127060138815
83,8.802241910834319,8.80971527881984,8.65899633904369,8.775336265563965,389876000,0.0,0.0,8.653613911086596,8.540847324303005,8.284929266505161,59.507975053859454,62.38437524375769,62.91767996297134
84,8.765371081704798,8.806226565688172,8.627606058999254,8.794268608093262,391320000,0.0,0.0,8.68487051042141,8.57983521411689,8.333437775227837,60.47678071673209,62.82557877819603,63.17655298595558
85,8.791282501505071,8.835127725785343,8.669461068484637,8.738717079162598,365440000,0.0,0.0,8.696836414586118,8.604278577970076,8.372035804174006,55.59782732340674,60.483757994029794,61.81298756725935
86,8.701330525493276,8.915922825620427,8.650984916299755,8.739713668823242,424280000,0.004,0.0,8.70636469330548,8.62511474579364,8.40705274366441,55.678011304882205,60.513463645514385,61.828904512435436
87,8.767627816790379,8.969508447947838,8.681391959435791,8.892744064331055,481748000,0.0,0.0,8.747782331311162,8.666288487107089,8.453309059918377,67.08651332491392,65.0518501596347,64.29027267459024
88,8.850121965483638,8.862583576912797,8.659207454291302,8.778093338012695,387736000,0.0,0.0,8.75451811057817,8.683489233400259,8.484240895927359,54.055978509481356,59.306622247818446,61.11087919303745
89,8.773112434652013,9.081915620696337,8.724511462767465,9.018360137939453,468488000,0.0,0.0,8.81314967221401,8.735007834098596,8.535109395166605,69.54945923838694,66.31949126907213,65.01547942429747
90,9.139737694440829,9.470972125229427,9.125530483250825,9.338129043579102,632180000,0.0,0.0,8.929811754739585,8.827795712480212,8.611587456920176,80.49308222125067,73.22753826209195,69.41658315582208
91,9.122041315847795,9.232951309589911,8.759154168201901,8.769372940063477,583652000,0.0,0.0,8.894158684811561,8.818807593646868,8.626614645790967,44.74235843941475,51.91929002324374,55.937427443867776
92,9.134504410932761,9.15917854404649,8.676657198073874,8.905206680297852,570908000,0.0,0.0,8.896613794919626,8.832099760823942,8.65314722050591,51.21135131146226,55.40576194979603,58.033326104311385
93,8.788314480221782,9.154192700766936,8.71703218010471,9.145718574523926,400004000,0.0,0.0,8.95197041260947,8.880348809085477,8.700058778031435,61.2514631080059,61.034114267002984,61.523223760395254
94,9.196812212260122,9.23843459415579,8.811741954169076,9.040789604187012,535716000,0.0,0.0,8.971708010737812,8.905032008331867,8.732509332903394,55.07112067144175,57.473834893928185,59.20985085959208
95,9.085901927048193,9.270585196535562,9.042533950778699,9.207777976989746,408304000,0.0,0.0,9.024168003238241,8.95160831120231,8.77777301329257,62.58180833011322,61.4951676596151,61.67938233289902
96,9.198807874680208,9.25413832928992,9.086651419287488,9.189835548400879,254408000,0.0,0.0,9.060983013274383,8.988258655386705,8.817017064255266,61.207563183564176,60.800197278219954,61.25029358711143
97,9.214257313267112,9.416137910550441,9.199053708456068,9.232949256896973,524160000,0.0,0.0,9.099197734079402,9.025903363311361,8.856629654030666,63.607875123107256,61.96225252020426,61.93553821482019
98,9.27158216089918,9.502125339643413,9.244913338079536,9.497638702392578,398468000,0.0,0.0,9.18774017148233,9.098478030862317,8.917678134827039,75.3247801717553,68.42676453262393,65.92010735806771
99,9.521816639977931,9.613037343899906,9.37875572675536,9.421125411987305,375108000,0.0,0.0,9.239603558261214,9.14811608949693,8.965625494556589,67.47498117466738,64.84302060082256,63.839750712110785
100,9.447292901110172,9.527298417132961,9.116556720867186,9.207279205322266,449372000,0.0,0.0,9.232420368719225,9.157218107316213,8.98864013367713,49.46560488000936,55.67476790609285,58.301775299163445
101,9.327160052312198,9.475953992932956,9.154190186310583,9.460999488830566,376072000,0.0,0.0,9.283215728743968,9.203953704472267,9.033626738929838,63.796424143414654,62.711955182021974,62.4624527843652
102,9.470971684257645,9.470971684257645,9.09711753882642,9.127025604248047,592084000,0.0,0.0,9.24850681218932,9.192118612130079,9.042521868960144,43.499330578559054,50.774681725314,54.7222484716407
103,9.141731186260268,9.176374989180749,8.872804839279924,9.17188835144043,342248000,0.0,0.0,9.231480487578455,9.189006264331672,9.054842486339219,46.36464349719213,52.151106803581506,55.519618547225384
104,9.285539397107657,9.497140582700752,9.238184884837548,9.468728065490723,367892000,0.0,0.0,9.28420217155896,9.232040387586911,9.094260160544124,62.2135861647967,60.394534432775416,60.47896262479409
105,9.491656911681465,9.54648914908464,9.3842362307486,9.50087833404541,326648000,0.0,0.0,9.332352429889282,9.27340007165745,9.13298570087758,63.66710846291353,61.20883342326379,60.986326874392674
106,9.609545028407172,9.70774428255045,9.548980660994857,9.582877159118652,364056000,0.0,0.0,9.388024591940253,9.321011931266867,9.17583250642435,67.63609786117068,63.36977914168158,62.31514659505015
107,9.711983098935661,9.878472635064353,9.68282233004145,9.809185028076172,315892000,0.0,0.0,9.481615799970458,9.396115484622145,9.236151794200714,76.49444247582198,68.771230160351,65.77942824993238
108,9.91585759624284,10.039229192012268,9.82064941945047,9.841585159301758,357800000,0.0,0.0,9.56160899093297,9.4646492807267,9.293812114686528,77.59205932560374,69.49571840465755,66.2576762356426
109,9.96321118459379,10.193755302238298,9.935047768232852,10.184782028198242,365480000,0.0,0.0,9.70009188810303,9.575438934183861,9.378666392163835,86.1532554941361,76.10235765770989,70.89727823233771
110,10.348533157611689,10.537703095688713,10.202231102992812,10.476889610290527,494548000,0.0,0.0,9.872713604144696,9.714123653584886,9.483259079604473,90.15505497602172,80.20706365016936,74.15468346817137
111,10.556391835998395,10.622688330315814,10.347033534762348,10.447226524353027,497676000,0.0,0.0,10.00038314196877,9.826908710626139,9.575065502913858,86.96473434389856,78.663493921352,73.25797499008071
112,10.562626886289951,10.759273596592347,9.99436789400191,10.02153491973877,457076000,0.0,0.0,10.00508353702877,9.856851204335774,9.617586399754327,53.196132603004536,60.01627891036757,61.72285457919686
113,10.044213905277703,10.370962613845588,9.755598286796676,10.345291137695312,542676000,0.0,0.0,10.08068522606578,9.93199580946801,9.686891612891564,65.81538533381838,66.75842158840203,66.09539317265053
114,10.382427040624423,10.40111898472608,10.025022047390701,10.195998191833496,403984000,0.0,0.0,10.106310329569716,9.97261156060116,9.735377953743177,56.962724357357885,61.38841473369472,62.54719552285318
115,9.984398538726225,10.175562202068676,9.865263522835136,10.103782653808594,344964000,0.0,0.0,10.105748623845022,9.99279172878692,9.77046411565417,51.6035172814159,58.138656086496376,60.390663483809355
116,10.19425497296794,10.2171844581641,10.056926210218897,10.170328140258789,266284000,0.0,0.0,10.120099627492525,10.020105022859514,9.808546403711752,55.389441841754376,59.86358152780261,61.424284303216446
117,10.242855794774696,10.499070469213306,10.125714526245833,10.478632926940918,284852000,0.0,0.0,10.199773694036613,10.090647777333576,9.872364167828815,69.29831714503844,66.95962563506416,65.86823085560125
118,10.480871946988247,10.527729197914672,10.25531366824088,10.29693603515625,277036000,0.0,0.0,10.221365325396533,10.122384432383218,9.91279958376476,56.35455255093592,59.93420702497374,61.380400166461484
119,10.335819530673259,10.570101080679445,10.26005155679548,10.406851768493652,367292000,0.0,0.0,10.262584534973671,10.166148637938669,9.95985217278656,61.75614656709995,62.604411091675665,63.02175981050454
120,10.418069785284326,10.514773523021587,10.000599468047499,10.098798751831055,411660000,0.0,0.0,10.226187694275312,10.155787116999036,9.973085180314607,43.078589213699956,51.73360849971405,55.85667479719164
121,9.844825462023845,10.333078866449718,9.747125341607125,10.163349151611328,473292000,0.0,0.0,10.212223573683316,10.156950506939388,9.991205558533343,47.25679556316134,53.63164414480238,56.960886368189044
122,10.200983414132274,10.409842603767798,10.186527105849128,10.389655113220215,292132000,0.0,0.0,10.251652804691515,10.192751215597976,10.029153135170189,60.09375491874042,59.857679567002656,60.67486353685313
123,10.34254964769557,10.350275524742871,10.178053878886969,10.184284210205078,271636000,0.0,0.0,10.236682005916752,10.191448599383685,10.04392752326875,47.09214674397254,52.64140859706855,55.95587218225572
124,10.358999731706955,10.48411597738085,10.315383605302735,10.433521270751953,284508000,0.0,0.0,10.280424064769019,10.228690548824957,10.08103168969572,60.16604003010646,59.334745435695126,60.01978081651941
125,10.343295878211462,10.590538179623033,10.263789518925481,10.581565856933594,308880000,0.0,0.0,10.347344463027813,10.282979057764747,10.128701610385042,66.34150198140783,62.84392925291257,62.24801244961282
126,10.53097248905425,10.733602320014862,10.40112050418578,10.582315444946289,386080000,0.0,0.0,10.399560236787474,10.32903080963883,10.171902927962304,66.3744952160532,62.8621842431386,62.25948177330455
127,10.69970506694698,11.064835964787502,10.682507716455394,10.976606369018555,412720000,0.0,0.0,10.527792710616604,10.428657818774173,10.248541350920043,79.55295908785116,71.2274067910912,67.8008959035236
128,11.016234903566437,11.193441390991211,10.872674868538194,11.193441390991211,310336000,0.0,0.0,10.675714639588739,10.546316829884487,10.33853183092682,83.89252354698607,74.7466217580701,70.37686744992978
129,11.209640485206839,11.336999545455651,11.132127871979225,11.252259254455566,249924000,0.0,0.0,10.8038356651147,10.654923356741577,10.425553490310511,84.97384163766125,75.65528674291274,71.05335530449645
130,11.315067616508012,11.323292642394364,11.144590620602552,11.300861358642578,244316000,0.0,0.0,10.914285819232006,10.754298433957116,10.508916144437375,85.94818960832035,76.443236069642,71.62988363028613
131,11.277931137085137,11.469593908404436,11.003771865437923,11.165276527404785,342516000,0.0,0.0,10.97006153215929,10.817525832949064,10.571426657100938,70.09790074849435,69.39426452100417,67.58581347564626
132,11.299615560494976,11.373388840063468,10.823324679936263,11.130882263183594,427796000,0.0,0.0,11.005799472386913,10.865734514523608,10.624708143394525,66.22524449391294,67.61493346165119,66.55923452358388
133,11.03991231474007,11.102720487297539,10.762761900226325,10.81684684753418,354512000,0.0,0.0,10.963810000197418,10.858213334986772,10.643007067598301,40.615749009269344,53.519193718627655,57.910173430489685
134,10.957166877238981,11.431961339209723,10.92476591831859,11.405293464660645,464412000,0.0,0.0,11.061917436744801,10.942379508782752,10.71560577208043,68.83969072846271,67.70970911074764,66.65425493067727
135,11.51071735891599,11.685931033730704,11.32104927850673,11.408032417297363,374460000,0.0,0.0,11.138831876867593,11.014018417785,10.781551166862995,68.92561905103226,67.7612477224199,66.68894359690032
136,11.4947690363934,11.668985402971893,11.405543034536306,11.528665542602539,366436000,0.0,0.0,11.225461580364248,11.093194898526159,10.852704916933428,73.02147641022225,70.12399797329745,68.25528129169436
137,11.815037110873359,12.37183085176337,11.781141556245915,12.29930305480957,621300000,0.0,0.0,11.464093019129875,11.278749999492838,10.990476168159727,86.85598850152876,80.43118580961254,76.01444634965787
138,12.411956423742694,12.457816341017324,12.04931842670793,12.223284721374512,503448000,0.0,0.0,11.63280228629535,11.42406303362848,11.107886506561135,81.69067858820667,77.46535779622472,74.09064698493566
139,12.25892712100154,12.277369968854808,12.06103302466569,12.101409912109375,622624000,0.0,0.0,11.736937314254021,11.528270245702464,11.202507783280016,72.99156664549179,72.63462185706886,70.98870834542919
140,11.938406854983736,12.337184143980082,11.842450445882706,12.103899002075195,921388000,0.0,0.0,11.81848435599206,11.616828515913653,11.288354566022413,73.06479165101548,72.67377481499138,71.01539833966544
141,12.164465493219824,12.769611061975862,12.15798511156706,12.644743919372559,999868000,0.0,0.0,12.002097592298838,11.774969347215023,11.417534504436713,84.48772566550574,79.75448276209515,76.14980429942052
142,12.844380490051114,12.873043055678274,12.46927994839901,12.681380271911621,490564000,0.0,0.0,12.153049298879457,11.914417181783731,11.537900768005752,85.02545108540582,80.14651854827063,76.45407683271942
143,12.592153641375797,12.722254709913294,12.535327657808118,12.711039543151855,289076000,0.0,0.0,12.277047130939991,12.036974468148058,11.649628270400619,85.53293669514602,80.49058462855415,76.71308631659218
144,12.76013936298087,12.829177864302867,12.63901061170116,12.733969688415527,321244000,0.0,0.0,12.378585477045666,12.144204502035361,11.752898881640133,85.9917236156969,80.7802862679856,76.92442716593334
145,12.74244594470553,12.810737159927275,12.528102725843096,12.589664459228516,317604000,0.0,0.0,12.425491917530744,12.212736803142,11.832590841410456,68.82263574577308,73.09560678261317,72.46712097118296
146,12.636267490244165,13.107821654673968,12.6038665386465,13.107572555541992,537160000,0.0,0.0,12.577065392644355,12.350403841972769,11.954017671327744,83.55379479408559,80.56180429670621,77.50501682741316
147,13.14246786544176,13.533519347175629,12.997911429235785,13.333632469177246,500840000,0.0,0.0,12.745191409651664,12.501669784619612,12.08540955683722,86.92459826723353,82.89297531221634,79.28659391567653
148,13.442830031736884,13.955163502726425,13.399450031120136,13.782890319824219,511316000,0.004,0.0,12.975791167467786,12.69878063618955,12.247074391407411,91.33594408721696,86.51002168070535,82.28870089812588
149,14.663206182600051,14.686143478594945,13.861672369538315,14.306941986083984,874012000,0.0,0.0,13.271602460493607,12.946190074634847,12.443252257567085,94.19272484434697,89.44005312473769,85.01670537650371
150,13.790616520608838,13.84621268202,12.843236360472586,12.979609489440918,945128000,0.0,0.0,13.20671513359301,12.95133152306655,12.494333898697926,46.08412889344479,55.247486719697456,59.86538677129878
151,12.748498688044476,13.138670433931722,11.672474484792053,12.58769416809082,1463684000,0.0,0.0,13.069154919036967,12.895387314608746,12.50322535292582,38.77480124918527,49.022223829234036,54.71803142836431
152,11.70214094319448,12.51539238386474,11.671974763659799,11.880148887634277,795728000,0.0,0.0,12.804931356503035,12.739196787381905,12.443884737183769,28.55434542184935,39.89261457711398,46.880995113011686
153,12.365807331840877,12.773929107157423,12.198021187859634,12.679939270019531,736200000,0.0,0.0,12.777155337284478,12.730080246249232,12.466366121263365,47.942482801528904,51.40199798102166,54.767407716869826
154,12.953432114478536,13.02922275627651,12.133449117024863,12.277800559997559,698684000,0.0,0.0,12.666187608998495,12.660498756056667,12.448407496380907,40.95697670467272,46.37863659010062,50.69215361598193
155,12.451072570627293,12.617611898930454,11.862948469800285,12.13095760345459,636928000,0.0,0.0,12.547247607766517,12.579030886425578,12.418174173245069,38.402929264336045,44.58857577572213,49.25100255323048
156,13.044928931292278,13.278282921042774,12.596419188685868,12.836753845214844,1201744000,0.0,0.0,12.611582327199478,12.618680572393158,12.458038903908857,55.191049623387784,54.15629207410745,55.76105425505313
157,13.243382868890269,13.262081359836017,12.7923803268369,12.955180168151855,727556000,0.0,0.0,12.687937402966673,12.670449740971419,12.505385690979619,57.613993904968375,55.603332856151304,56.763274909676504
158,12.921521041611204,13.056647365336673,12.479244391759265,12.479991912841797,556384000,0.0,0.0,12.641727294050034,12.641148536643785,12.502967235918874,45.32215913353525,48.66873797739895,51.70191367118366
159,12.098797535518589,12.555036525604347,12.00156652479074,12.429134368896484,792512000,0.0,0.0,12.59448442179369,12.60853097237497,12.495935534297693,44.064459662320104,47.94872627863225,51.17596867072442
160,12.559022326858146,12.597665168145,11.955691090436508,12.155637741088867,698460000,0.0,0.0,12.496962937192617,12.538855090638647,12.463526220658757,37.13692330691547,44.00971570535981,48.32875167937808
161,11.892117894597584,12.487970180868365,11.871674239213789,12.482734680175781,721044000,0.0,0.0,12.493801102299987,12.530221181336668,12.465355597755616,49.09999503217721,49.58245576961175,51.783818832300284
162,12.540324626921278,12.613123285974956,12.121981986567056,12.602901458740234,646452000,0.0,0.0,12.518045625953375,12.541402762475677,12.478455203563675,53.19069145802418,51.57446348288247,53.02648150395112
163,12.540824766744457,12.691907731631224,12.045943889282203,12.090320587158203,647012000,0.0,0.0,12.422995617332226,12.472005504734527,12.441490002001249,37.23491912342344,43.35443444157733,47.41313588873073
164,12.038960765318,12.53483918754743,11.980870965412795,12.313949584960938,731240000,0.0,0.0,12.398763165694163,12.447689209384745,12.429343295616457,46.05912998120473,47.46415769331716,49.90472345888295
165,12.413176968116055,12.847974594032577,12.211983479870444,12.838251113891602,588016000,0.0,0.0,12.496427154182483,12.507775656231953,12.468286897356947,61.79885611731003,55.902647101192265,55.25725458032491
166,13.004293270854436,13.015761918903888,12.714843767147482,12.99905776977539,573808000,0.0,0.0,12.608122846536462,12.58335751985402,12.518836504253942,65.64242474872164,58.21828521321014,56.78246578444275
167,12.901827243635873,13.405684087658878,12.897589388290546,13.189282417297363,621460000,0.0,0.0,12.737269417816663,12.676576734845304,12.582688495972363,70.09199883523804,60.9474094521059,58.58114175144782
168,13.121219148796689,13.58493708780513,13.113989307676025,13.49319076538086,689184000,0.0,0.0,12.905251939497594,12.802209662620005,12.669402997820791,76.23768680635219,65.05046006362807,61.34882374215927
169,13.720065215938185,13.724801418717105,13.423634082572347,13.576960563659668,525004000,0.0,0.0,13.054520522644722,12.9214021089338,12.755837051710207,77.80883811656673,66.1531972958004,62.10058526114275
170,13.188534201404178,13.482221555752668,13.015013245257274,13.026232719421387,552496000,0.0,0.0,13.048234344150648,12.937529895162658,12.781589020063652,50.41517325975656,53.63642187129824,54.58405484699385
171,13.1995004802249,13.606624545865818,13.186286668427565,13.604879379272461,479820000,0.0,0.0,13.171933240844384,13.040199046564167,12.859997625702587,66.09327506206304,62.11045168341247,60.054810426264325
172,13.791864063040068,14.103004005155412,13.627319084237644,13.69862174987793,784420000,0.0,0.0,13.288975131740727,13.141494847073977,12.939866589909762,68.13364786253658,63.331903695515194,60.877011689792496
173,13.961147914112042,14.08031857045862,13.825273108624796,13.925496101379395,418084000,0.0,0.0,13.430424236104876,13.262110424659426,13.033736067192585,73.04137971675944,66.29066016173378,62.8689898388977
174,14.036187056538925,14.045661361805454,13.720061768245078,13.800588607788086,378900000,0.0,0.0,13.512682985367812,13.344953222063834,13.106769642487395,66.04167586196277,63.1353015050617,61.02669071047273
175,13.729038915841711,13.786131076867328,13.623082081005961,13.724800109863281,346892000,0.0,0.0,13.559820124144583,13.403391204802212,13.165629686999385,61.56678937518248,61.148521963650886,59.880107119469
176,13.950924696495798,14.307438984143563,13.874137354926596,14.186772346496582,434744000,0.0,0.0,13.699142840222805,13.5239113804475,13.262881368856261,74.65298382841792,68.04439900808718,64.28498613968031
177,14.257078638741863,14.308935298145892,13.980094499099339,14.208961486816406,344604000,0.0,0.0,13.812435872799162,13.629303704504254,13.352984237233418,75.16076836820197,68.34797026692988,64.48667173417677
178,14.251093331969772,14.303199160189067,13.9215050426964,14.056382179260254,276100000,0.0,0.0,13.866646163123848,13.695008085235946,13.41997451742645,64.11973923847759,63.6690091263985,61.89820860397554
179,13.77266831055689,13.967130314140341,13.729786657912154,13.931479454040527,267224000,0.0,0.0,13.881053561105333,13.731388295821267,13.468689273294457,55.740988038351915,59.89303561575978,59.78272960197561
180,13.998044701327354,14.082561185435173,13.75446790310896,13.773415565490723,242392000,0.0,0.0,13.857134006524308,13.737854029616567,13.497710824932197,46.19258805942805,55.229797729924655,57.12212449088769
181,13.864662402305543,13.944940073840613,13.369780657852253,13.460530281066895,298068000,0.0,0.0,13.76899984531155,13.695188837532003,13.49416982075455,32.441893752377624,47.06870210086722,52.17238304072482
182,13.54604365293036,13.761697765923037,13.469754661164707,13.60787296295166,229212000,0.0,0.0,13.733193871453796,13.681755626058104,13.504998691439988,42.51493878758501,50.911526144607826,54.18567860552282
183,13.587429172947049,13.75347014184701,13.4403358649596,13.487455368041992,219596000,0.0,0.0,13.678585315140062,13.65186327867101,13.503327898735417,36.89510523112519,47.72582314479122,52.249880082548394
184,13.485214293563407,13.574217815487629,13.195265479724382,13.324159622192383,290480000,0.0,0.0,13.599824050040578,13.601447331520452,13.486264253350367,30.14142351950032,43.56687922091826,49.659023245907875
185,13.412911911969195,13.555767369286169,13.254600077921694,13.552775382995605,233484000,0.0,0.0,13.58936879069725,13.593959339439706,13.492598646649913,47.090522572403856,50.377574430138985,53.160763323295456
186,13.389975331142844,13.654992461753038,13.002546399972722,13.105012893676758,336896000,0.0,0.0,13.481734146914919,13.51873680932233,13.455685717795328,29.542563376050413,39.79521907807029,46.358985843299585
187,13.269308472503699,13.404934084109422,13.155124160509152,13.359808921813965,250520000,0.0,0.0,13.45463965244804,13.494286365090275,13.446554594368532,44.305167304850166,46.93160761661933,50.259076353557354
188,13.161606785851308,13.223436096238972,12.57423119030226,12.592181205749512,376520000,0.0,0.0,13.262982219848368,13.355500955960927,13.36518570021434,24.764643125770846,33.48067874540015,40.666108351928145
189,12.803099949278508,13.156373116927899,12.714843950794975,12.988088607788086,320080000,0.0,0.0,13.201894750501639,13.298975979318952,13.32927169141184,41.42090302407075,42.96532828587361,46.35343378721393
190,12.814566910574303,12.90082760589088,12.266083328024058,12.499438285827637,416820000,0.0,0.0,13.045793313907415,13.175970180320288,13.250239938499059,30.87512168850756,35.864686440870216,41.11507133531868
191,12.622847909145596,12.80135423930885,12.360822737765067,12.546060562133789,299652000,0.0,0.0,12.934741591291054,13.079061008291596,13.183175235988081,32.91220146754647,36.98254824632416,41.790973653893175
192,12.673457347040873,13.068863668254512,12.56799885959519,12.983599662780762,272900000,0.0,0.0,12.945598940510989,13.064374647443776,13.164168038539765,50.14676861975459,46.776733967970166,47.84174717093847
193,13.352329278219587,13.789371354934609,13.300223447595716,13.75621223449707,410228000,0.0,0.0,13.125735228063451,13.170811199298129,13.22055320005951,68.18631811383166,59.33270282986127,56.450385487255545
194,14.123449106380363,14.299461798814841,13.952421790169007,14.120955467224121,319028000,0.0,0.0,13.346895281210267,13.316987240517513,13.30630579693233,73.78427694105875,63.86070271381352,59.82179933106134
195,14.070843333637281,14.548522622316057,13.856686150810633,14.521846771240234,383348000,0.0,0.0,13.607995612328038,13.502350245244086,13.422071604009274,78.88807049172685,68.2340579232183,63.194405740980294
196,14.512370854212277,14.650987497036363,13.573218181712319,13.593162536621094,582976000,0.0,0.0,13.60469937328205,13.516321366994395,13.438365978543732,50.44816778726002,51.87417442228594,52.25217911930145
197,13.568980558317888,13.568980558317888,12.59342847340592,12.734787940979004,644068000,0.0,0.0,13.411385721659151,13.396085455299719,13.371358546394712,35.61416552032033,41.52224812094204,44.5703207390023
198,13.017753816029133,13.397952884782299,12.912544515729412,13.380999565124512,404744000,0.0,0.0,13.404633242429231,13.393764549118918,13.372276738654692,49.56884286646051,49.97682136286825,50.47345323193837
199,13.441832223500409,13.728040534381991,13.27928158374292,13.41964340209961,365812000,0.0,0.0,13.407968833467093,13.397745911115948,13.376787849458971,50.37285800149297,50.458687632960626,50.81081815310035
